version,text
V1,"尊敬的马嘉铭家长，您好！  
您的孩子因中度贫血，需口服右旋糖酐铁口服溶液，该药为补铁药物。为了帮助您更好地了解药物使用方法及注意事项，特此沟通。

### 1. 药物作用和目的  
- 右旋糖酐铁是一种补铁药物，用于治疗因缺铁引起的贫血。  
- 通过补充体内所需的铁元素，促进血红蛋白的生成，改善贫血症状。

### 2. 剂量和给药时间  
- 用量：50毫克，每日1次，口服。  
- 建议在两次喂奶之间服用，避免与奶制品同时服用，以免影响铁的吸收。  
- 使用前请摇匀药液，使用配套的量杯或滴管准确取量。  

### 3. 不良反应监测  
- 常见不良反应：可能出现轻微的胃肠道不适，如恶心、腹泻或便秘。  
- 可能导致大便颜色变深（黑色或深绿色），属于正常现象，无需担心。  
- 若出现严重不适（如呕吐、皮疹、呼吸困难等），请立即停药并就医。

### 4. 药物相互作用  
- 避免与奶制品、茶、咖啡等同时服用，这些食物可能影响铁的吸收。  
- 若孩子正在服用其他药物，请告知医生或药师，以避免潜在的药物相互作用。

### 5. 储存管理  
- 药品应存放在阴凉干燥处，避免阳光直射。  
- 请放置在儿童无法触及的地方，防止误服。  
- 开封后请按照说明书要求使用，并注意有效期。

### 6. 生活方式建议  
- 饮食方面：建议母乳喂养的母亲多摄入富含铁的食物（如红肉、动物肝脏、深绿色蔬菜等）；若为配方奶喂养，可选择富含铁的婴儿配方奶粉。  
- 添加辅食时，可逐步引入富含铁的食物，如强化铁的米粉、肉泥等。  
- 定期复查血常规，监测贫血改善情况。

如有疑问请随时联系儿科医生或药师。祝马嘉铭小朋友早日康复！"
V3,"尊敬的马嘉铭家长，您好！  

您的孩子因中度贫血需要服用右旋糖酐铁口服溶液，该药属于补铁药物。希望通过正确的用药，帮助孩子尽快改善贫血症状，恢复健康。

1. 药物作用和目的  
- 右旋糖酐铁是一种补铁药物，用于治疗因缺铁引起的贫血。  
- 通过补充体内所需的铁元素，帮助生成更多的红细胞，改善贫血引起的面色苍白、乏力等症状。

2. 剂量和给药时间  
- 用量：每日1次，每次50毫克，口服。  
- 建议在两次喂奶之间服用，推荐与喂奶间隔1-2小时，以避免奶制品影响铁的吸收。  
- 使用前请摇匀药液，使用配套的量杯或滴管准确取量。  
- 若不小心漏服，请尽快补服，但若接近下一次服药时间，则跳过漏服剂量，切勿双倍服药。

3. 不良反应监测  
- 可能出现轻微的胃肠道不适，如恶心、腹泻或便秘。  
- 大便颜色可能变深（如黑色或深绿色），属于正常现象，无需担心。  
- 若出现呕吐、皮疹、呼吸困难等严重不适，请立即停药并就医。

4. 药物相互作用  
- 避免与奶制品、茶、咖啡等同时服用，这些食物可能影响铁的吸收。  
- 若孩子正在服用其他药物，请提前咨询医生或药师，以避免药物相互作用。

5. 储存管理  
- 药品应存放在阴凉干燥处，避免阳光直射。  
- 请放置在儿童无法触及的地方，防止误服。  
- 药品开封后请在1个月内使用完毕，过期或变质的药物请勿使用。

6. 生活方式建议  
- 饮食方面：若母乳喂养，建议母亲多摄入富含铁的食物，如红肉、动物肝脏、深绿色蔬菜等；若为配方奶喂养，可选择富含铁的婴儿配方奶粉。  
- 添加辅食时，可逐步引入富含铁的食物，如强化铁的米粉、肉泥等。  
- 建议保持规律作息，避免孩子过度疲劳。  
- 定期复查血常规，了解贫血改善情况，并根据医生建议调整治疗方案。

如有疑问，请随时联系儿科医生或药师。祝马嘉铭小朋友早日康复！"
